# Peg-length robustness for the SAME sterilising device. scenario_a=1 is the default H only. H=40 is a robustness case, not the baseline. stoch_simul is not in this file.
H,scenario_a,quarter,y,ph,cs,cb,ib,ib_nom,ib_il,rl_bp,i_bp
8,0,1,-0.38688591,-0.74552268,-0.55651352,-0.30099259,-0.033631901,0.022309698,-0.0559416,100,-3.2159253e-15
8,0,2,-0.48767665,-1.3206766,-0.74004723,-0.51151257,-0.022460037,0.042456295,-0.064916332,89.774714,1.2168783e-15
8,0,3,-0.52794108,-1.7530548,-0.77321114,-0.67232345,0.00041720134,0.060335223,-0.059918021,80.565592,-2.776935e-14
8,0,4,-0.54040244,-2.0681725,-0.74796196,-0.79437949,0.024959108,0.076065954,-0.051106846,72.270839,-5.8205157e-14
8,0,5,-0.53916393,-2.2878531,-0.70206813,-0.88504832,0.048198215,0.089823745,-0.04162553,64.798832,-4.7088212e-14
8,0,6,-0.53053589,-2.4302366,-0.65085572,-0.94982818,0.069347152,0.10178877,-0.03244162,58.067107,-1.0152103e-14
8,0,7,-0.51752719,-2.510211,-0.60037645,-0.99310797,0.088290589,0.11213137,-0.023840777,52.001441,2.4383179e-15
8,0,8,-0.50171468,-2.5398986,-0.55286532,-1.0185248,0.10511655,0.12100836,-0.015891806,46.535026,1.3779726e-15
8,0,9,-0.48250002,-2.529095,-0.50758711,-1.0238117,0.11996965,0.12856285,-0.0085932014,41.607731,-5.0457829
8,0,10,-0.46217079,-2.4887781,-0.46585027,-1.0142374,0.13303629,0.13495482,-0.0019185279,37.307967,-8.5325607
8,0,11,-0.44149022,-2.4275099,-0.42793512,-0.99388036,0.14449274,0.14032346,0.0041692861,33.547004,-10.74395
8,0,12,-0.42093645,-2.3518991,-0.39371542,-0.96596201,0.15450001,0.1447897,0.0097103073,30.247857,-11.934671
8,0,13,-0.4008171,-2.2669886,-0.36291627,-0.93299732,0.16320293,0.1484586,0.014744331,27.34418,-12.328644
8,0,14,-0.38132879,-2.1765766,-0.33522072,-0.8969214,0.17073093,0.15142145,0.019309481,24.779135,-12.118973
8,0,15,-0.36259162,-2.0834801,-0.31031346,-0.85919755,0.17719937,0.15375774,0.023441627,22.504282,-11.469183
8,0,16,-0.34467143,-1.9897507,-0.28789794,-0.82090919,0.18271097,0.15553679,0.027174183,20.47853,-10.515254
8,0,17,-0.32759532,-1.8968481,-0.26770248,-0.78283764,0.18735735,0.15681926,0.030538092,18.667151,-9.3681368
8,0,18,-0.31136315,-1.8057809,-0.24948159,-0.74552718,0.19122031,0.15765841,0.033561902,17.040891,-8.1165066
8,0,19,-0.29595613,-1.7172175,-0.2330152,-0.7093391,0.19437307,0.15810118,0.036271891,15.575155,-6.8295787
8,0,20,-0.28134332,-1.6315747,-0.21810714,-0.67449584,0.19688135,0.15818913,0.038692217,14.2493,-5.559865
8,0,21,-0.26748655,-1.5490855,-0.20458322,-0.64111685,0.19880432,0.15795924,0.040845079,13.046,-4.3457812
8,0,22,-0.25434396,-1.4698529,-0.1922892,-0.60924716,0.2001954,0.15744452,0.042750883,11.950701,-3.2140501
8,0,23,-0.24187266,-1.3938897,-0.18108882,-0.57887983,0.20110302,0.15667462,0.044428394,10.95115,-2.1818708
8,0,24,-0.23003048,-1.3211491,-0.17086192,-0.54997336,0.20157117,0.15567628,0.045894889,10.036999,-1.2588365
8,0,25,-0.21877716,-1.2515468,-0.16150268,-0.52246492,0.20163998,0.15447369,0.047166298,9.1994638,-0.44860357
8,0,26,-0.20807508,-1.184977,-0.15291791,-0.49628013,0.20134616,0.15308883,0.048257329,8.4310444,0.24968248
8,0,27,-0.19788962,-1.121324,-0.14502565,-0.47134011,0.20072333,0.15154174,0.049181589,7.725289,0.84018612
8,0,28,-0.18818928,-1.0604695,-0.13775377,-0.44756642,0.19980244,0.14985075,0.049951683,7.0766029,1.3293889
8,0,29,-0.17894558,-1.0022974,-0.13103874,-0.42488423,0.19861194,0.14803264,0.050579309,6.4800911,1.7252817
8,0,30,-0.17013294,-0.9466969,-0.12482459,-0.40322429,0.19717813,0.14610278,0.051075345,5.9314315,2.0367213
8,0,31,-0.16172839,-0.89356386,-0.11906194,-0.38252393,0.19552525,0.14407534,0.051449915,5.4267729,2.2729272
8,0,32,-0.15371131,-0.84280119,-0.11370714,-0.36272736,0.19367576,0.1419633,0.05171246,4.9626538,2.4431005
8,0,33,-0.1460631,-0.79431869,-0.10872157,-0.34378548,0.1916504,0.13977861,0.05187179,4.5359379,2.5561431
8,0,34,-0.13876691,-0.74803251,-0.10407096,-0.32565545,0.18946841,0.13753227,0.051936137,4.1437636,2.6204604
8,0,35,-0.13180736,-0.70386429,-0.099724858,-0.30829997,0.18714757,0.13523437,0.051913195,3.7835042,2.6438324
8,0,36,-0.12517032,-0.66174038,-0.095656128,-0.29168656,0.18470434,0.13289417,0.051810166,3.4527367,2.6333378
8,0,37,-0.11884265,-0.62159089,-0.091840543,-0.2757868,0.18215396,0.13052018,0.051633784,3.1492181,2.5953207
8,0,38,-0.11281204,-0.58334896,-0.088256416,-0.26057552,0.17951053,0.12812018,0.051390355,2.8708661,2.5353893
8,0,39,-0.10706683,-0.54695008,-0.084884292,-0.24603016,0.17678705,0.12570127,0.051085782,2.6157438,2.4584374
8,0,40,-0.10159592,-0.51233146,-0.081706674,-0.23213015,0.17399555,0.12326996,0.050725586,2.3820484,2.3686827
12,1,1,-0.39106571,-0.75170512,-0.55224208,-0.3016752,-0.033971681,0.022317986,-0.056289666,100,-2.7381558e-15
12,1,2,-0.49154408,-1.333005,-0.73451947,-0.51248594,-0.022829502,0.042499823,-0.065329325,89.89633,-4.5401908e-15
12,1,3,-0.53194297,-1.7716196,-0.7676275,-0.67389171,0.00012835148,0.060436753,-0.060308402,80.800099,-1.2064166e-14
12,1,4,-0.54473094,-2.0932101,-0.74277737,-0.79677021,0.024801747,0.076245653,-0.051443906,72.61048,-4.2765489e-14
12,1,5,-0.54390504,-2.3197636,-0.69743343,-0.88844046,0.048204725,0.090099775,-0.041895049,65.236726,-2.9134876e-14
12,1,6,-0.53573167,-2.4696082,-0.64679977,-0.95436647,0.069543311,0.10217759,-0.032634283,58.597164,1.0398624e-14
12,1,7,-0.52320222,-2.5578541,-0.59688116,-0.99891134,0.088699048,0.11264793,-0.023948886,52.618284,6.1950768e-14
12,1,8,-0.50788769,-2.5968916,-0.54989642,-1.0256921,0.10575793,0.12166629,-0.015908357,47.233926,2.5669094e-14
12,1,9,-0.49071573,-2.5968441,-0.50652,-1.0377641,0.12086273,0.12937455,-0.0085118212,42.384543,1.8482268e-14
12,1,10,-0.47230032,-2.565953,-0.46680868,-1.0377296,0.13416639,0.13590178,-0.0017353897,38.016539,-1.7270165e-14
12,1,11,-0.45308519,-2.5108955,-0.43058361,-1.0278114,0.14581741,0.14136519,0.0044522193,34.081675,-2.709004e-17
12,1,12,-0.43340911,-2.4370451,-0.39758681,-1.0099083,0.15595551,0.1458712,0.010084311,30.536535,2.6179052e-14
12,1,13,-0.4124746,-2.3486816,-0.36655961,-0.98192057,0.16471077,0.14951636,0.015194404,27.34204,-3.5156374
12,1,14,-0.39168435,-2.2513484,-0.33813206,-0.94715956,0.17222576,0.15240906,0.019816693,24.562328,-5.8655583
12,1,15,-0.37142579,-2.1492208,-0.31237883,-0.90811352,0.17862949,0.15464293,0.023986562,22.135614,-7.2803312
12,1,16,-0.35192092,-2.0453843,-0.28915972,-0.86668778,0.18403755,0.15629877,0.02773877,20.00894,-7.9619002
12,1,17,-0.33329285,-1.9420655,-0.2682607,-0.82431424,0.18855285,0.15744641,0.031106439,18.137208,-8.0839272
12,1,18,-0.31560124,-1.8408227,-0.2494519,-0.78204328,0.19226682,0.15814623,0.034120582,16.482235,-7.7931741
12,1,19,-0.29886334,-1.7427005,-0.23251108,-0.74062116,0.19526053,0.15845058,0.03680995,15.011867,-7.2115322
12,1,20,-0.28306777,-1.6483547,-0.2172324,-0.70055507,0.19760603,0.158405,0.039201033,13.699144,-6.4384202
12,1,21,-0.26818412,-1.5581529,-0.20342928,-0.66216722,0.19936737,0.15804923,0.041318145,12.521549,-5.5533457
12,1,22,-0.25416993,-1.4722528,-0.19093446,-0.62563948,0.20060169,0.15741813,0.043183563,11.460332,-4.6184866
12,1,23,-0.24097585,-1.390664,-0.17959912,-0.59104963,0.20136007,0.1565424,0.044817665,10.49991,-3.6811887
12,1,24,-0.2285494,-1.3132956,-0.16929144,-0.55840055,0.20168835,0.15544925,0.046239093,9.6273418,-2.7763104
12,1,25,-0.2168376,-1.2399922,-0.15989507,-0.52764326,0.20162781,0.15416291,0.047464907,8.83188,-1.9283705
12,1,26,-0.20578893,-1.1705603,-0.15130762,-0.4986949,0.20121576,0.15270503,0.048510728,8.1045792,-1.1534762
12,1,27,-0.19535448,-1.1047881,-0.14343911,-0.47145243,0.20048601,0.15109513,0.049390882,7.4379697,-0.46102158
12,1,28,-0.18548873,-1.042459,-0.13621061,-0.44580287,0.19946935,0.14935083,0.050118525,6.8257822,0.14483984
12,1,29,-0.17614993,-0.98336116,-0.12955291,-0.4216307,0.19819387,0.14748811,0.050705758,6.2627189,0.66394039
12,1,30,-0.1673002,-0.92729289,-0.12340538,-0.39882304,0.19668529,0.14552156,0.051163736,5.744265,1.0990448
12,1,31,-0.15890544,-0.8740665,-0.11771484,-0.37727305,0.19496723,0.14346447,0.051502762,5.2665356,1.4549806
12,1,32,-0.15093514,-0.82350966,-0.11243469,-0.356882,0.1930614,0.14132903,0.051732363,4.8261513,1.7379323
12,1,33,-0.14336209,-0.7754658,-0.10752399,-0.3375603,0.19098781,0.13912643,0.051861374,4.4201394,1.9548796
12,1,34,-0.13616206,-0.72979346,-0.10294675,-0.3192278,0.18876493,0.13686694,0.051897994,4.0458547,2.1131593
12,1,35,-0.12931342,-0.68636523,-0.098671258,-0.30181362,0.18640983,0.13455998,0.051849847,3.7009183,2.2201333
12,1,36,-0.12279685,-0.64506634,-0.094669538,-0.28525551,0.18393827,0.13221424,0.051724031,3.3831693,2.2829435
12,1,37,-0.11659498,-0.60579308,-0.090916822,-0.26949913,0.18136485,0.12983769,0.051527159,3.090628,2.3083411
12,1,38,-0.11069212,-0.56845128,-0.087391138,-0.25449714,0.17870304,0.12743764,0.051265403,2.8214674,2.3025727
12,1,39,-0.10507397,-0.53295484,-0.084072941,-0.24020824,0.17596531,0.12502079,0.050944521,2.5739923,2.2713146
12,1,40,-0.099727402,-0.49922435,-0.08094479,-0.22659632,0.17316318,0.12259329,0.05056989,2.3466227,2.2196425
20,0,1,-0.39512698,-0.7563406,-0.54873064,-0.30232611,-0.034390116,0.022328196,-0.056718312,100,1.7904091e-14
20,0,2,-0.49533251,-1.3420723,-0.72998697,-0.51337335,-0.023302905,0.042543657,-0.065846562,89.998473,1.3287547e-14
20,0,3,-0.53582388,-1.7849768,-0.76306359,-0.67526817,-0.00027692356,0.060533372,-0.060810295,80.997055,2.1008674e-15
20,0,4,-0.5488591,-2.1107889,-0.73855568,-0.79882413,0.024515983,0.076411827,-0.051895843,72.895735,-6.506956e-14
20,0,5,-0.5483469,-2.3415723,-0.69367642,-0.89131917,0.048067776,0.090350545,-0.042282769,65.604502,-6.0864677e-14
20,0,6,-0.54051638,-2.4957364,-0.64352916,-0.95818798,0.069576957,0.10252656,-0.032949608,59.042344,5.0296906e-15
20,0,7,-0.52834318,-2.5884803,-0.59407984,-1.0037712,0.08892185,0.11310746,-0.024185608,53.136355,3.3042818e-14
20,0,8,-0.51339184,-2.6322959,-0.54753383,-1.031668,0.10618655,0.1222476,-0.016061056,47.820914,5.2841734e-15
20,0,9,-0.49658775,-2.6374264,-0.50456239,-1.0449193,0.12151239,0.13008791,-0.0085755173,43.036967,1.317252e-14
20,0,10,-0.47854483,-2.6122571,-0.4652232,-1.0461159,0.13505112,0.13675655,-0.0017054268,38.731362,1.4249573e-15
20,0,11,-0.45970808,-2.5636413,-0.42933986,-1.0374715,0.14695018,0.14236995,0.0045802298,34.856264,-2.1171492e-14
20,0,12,-0.44041863,-2.497169,-0.39665733,-1.020878,0.15734837,0.14703384,0.010314533,31.36862,-3.6982805e-14
20,0,13,-0.42094569,-2.417389,-0.3669047,-0.99795009,0.16637479,0.15084413,0.015530664,28.229683,-5.4154274e-14
20,0,14,-0.4015042,-2.32799,-0.33981976,-0.97006243,0.17414901,0.15388789,0.020261121,25.404582,-1.7010613e-14
20,0,15,-0.38226584,-2.2319511,-0.31515776,-0.93838185,0.18078144,0.15624407,0.024537367,22.86193,-3.4590855e-14
20,0,16,-0.36336678,-2.1316638,-0.29269383,-0.90389519,0.18637395,0.1579843,0.028389649,20.573481,-5.8244244e-14
20,0,17,-0.34491366,-2.0290331,-0.27222281,-0.86743342,0.19102042,0.15917352,0.031846906,18.513814,-2.4634896e-14
20,0,18,-0.32698833,-1.92556,-0.25355818,-0.82969277,0.19480731,0.15987059,0.034936719,16.660048,-7.4274903e-14
20,0,19,-0.30965188,-1.8224089,-0.2365306,-0.79125312,0.19781417,0.16012889,0.037685284,14.991591,-5.2523235e-14
20,0,20,-0.29294797,-1.7204619,-0.22098647,-0.75259404,0.20011417,0.15999676,0.040117415,13.489911,-3.3620917e-14
20,0,21,-0.27648048,-1.6203634,-0.20639286,-0.71262186,0.2017746,0.15951799,0.042256614,12.138327,-1.4055919
20,0,22,-0.26076518,-1.5234295,-0.19300211,-0.67250679,0.20286615,0.15874055,0.044125595,10.961535,-2.2714452
20,0,23,-0.24589323,-1.4305241,-0.18082941,-0.63306522,0.20345222,0.15770559,0.045746634,9.9318975,-2.7184757
20,0,24,-0.2318916,-1.3421642,-0.16980005,-0.59486966,0.20358928,0.15644837,0.047140906,9.0261475,-2.8492939
20,0,25,-0.21875178,-1.2586058,-0.15981028,-0.55830107,0.2033274,0.15499924,0.048328161,8.2248173,-2.7495215
20,0,26,-0.20644471,-1.179913,-0.15075194,-0.52359186,0.20271094,0.15338433,0.049326608,7.5117117,-2.4893926
20,0,27,-0.19492951,-1.1060136,-0.1425223,-0.49086115,0.20177919,0.15162625,0.050152938,6.8734251,-2.1254824
20,0,28,-0.18415883,-1.0367425,-0.13502749,-0.46014362,0.20056703,0.14974464,0.050822394,6.2989083,-1.702454
20,0,29,-0.1740825,-0.9718749,-0.12818336,-0.43141293,0.19910551,0.14775664,0.05134887,5.7790845,-1.2547522
20,0,30,-0.16464999,-0.91115181,-0.12191529,-0.40460035,0.19742234,0.14567732,0.051745026,5.3065146,-0.80819433
20,0,31,-0.15581203,-0.85429892,-0.11615752,-0.3796094,0.19554235,0.14351995,0.052022397,4.8751072,-0.3814296
20,0,32,-0.14752175,-0.80104009,-0.11085233,-0.35632722,0.19348786,0.14129636,0.0521915,4.4798716,0.01275015
20,0,33,-0.13973538,-0.75110682,-0.1059492,-0.33463313,0.19127901,0.13901708,0.052261933,4.1167086,0.36625375
20,0,34,-0.13241253,-0.70424437,-0.10140402,-0.31440491,0.18893404,0.13669156,0.052242472,3.7822361,0.67468693
20,0,35,-0.12551641,-0.66021551,-0.0971783,-0.29552325,0.18646951,0.13432836,0.052141147,3.4736442,0.9364948
20,0,36,-0.11901373,-0.61880237,-0.093238471,-0.27787481,0.18390052,0.13193519,0.051965326,3.1885769,1.1522406
20,0,37,-0.11287457,-0.57980698,-0.089555274,-0.26135404,0.18124087,0.12951909,0.051721777,2.9250361,1.3240083
20,0,38,-0.10707219,-0.54305085,-0.086103175,-0.24586424,0.17850318,0.12708645,0.051416731,2.681305,1.4549165
20,0,39,-0.10158269,-0.50837389,-0.082859869,-0.23131794,0.17569905,0.12464312,0.051055933,2.4558866,1.5487292
20,0,40,-0.096384787,-0.475633,-0.079805836,-0.21763676,0.17283911,0.12219442,0.050644689,2.2474566,1.6095509
40,0,1,-0.39614535,-0.75736373,-0.54799023,-0.30248808,-0.034513656,0.022331211,-0.056844867,100,2.0931668e-15
40,0,2,-0.49629162,-1.3440403,-0.72903449,-0.5135863,-0.023445775,0.042554945,-0.06600072,90.020569,9.7066842e-15
40,0,3,-0.5368005,-1.7878219,-0.76210857,-0.67558608,-0.00040492161,0.060557086,-0.060962008,81.039661,7.0043723e-15
40,0,4,-0.54988542,-2.1144565,-0.73767688,-0.79928723,0.024416136,0.076451554,-0.052035418,72.957442,-2.181402e-14
40,0,5,-0.54943635,-2.3460201,-0.69289935,-0.89195888,0.048002956,0.090409484,-0.042406528,65.68406,-7.6755657e-15
40,0,6,-0.54167442,-2.5009332,-0.64285798,-0.95902934,0.069551929,0.1026076,-0.033055673,59.138647,2.7086157e-14
40,0,7,-0.5295718,-2.594405,-0.5935105,-1.0048343,0.088940535,0.11321321,-0.024272677,53.248425,1.8166316e-14
40,0,8,-0.5146915,-2.6389377,-0.54705942,-1.0329691,0.10625241,0.12238046,-0.016128042,47.947893,-2.0692476e-14
40,0,9,-0.49795823,-2.6447845,-0.50417534,-1.0464713,0.12162858,0.13025003,-0.0086214465,43.178101,-5.1394282e-14
40,0,10,-0.47998561,-2.6203417,-0.4649161,-1.047929,0.13522051,0.13694991,-0.0017294026,38.885994,-5.6806154e-14
40,0,11,-0.46121858,-2.5724748,-0.4291058,-1.0395538,0.14717542,0.14259638,0.0045790381,35.023824,-8.6813662e-14
40,0,12,-0.44199832,-2.5067884,-0.39648997,-1.0232359,0.1576319,0.147295,0.010336899,31.548618,-3.1859659e-14
40,0,13,-0.42259421,-2.427848,-0.36679832,-1.0005885,0.16671888,0.15114157,0.01557731,28.4217,-3.5300677e-14
40,0,14,-0.40322146,-2.3393631,-0.33976918,-0.97298527,0.17455574,0.15422302,0.020332727,25.608263,1.7727281e-14
40,0,15,-0.38405209,-2.2443377,-0.31515835,-0.94159219,0.18125279,0.15661822,0.024634572,23.076981,2.6809738e-14
40,0,16,-0.36522276,-2.1451945,-0.29274147,-0.90739564,0.18691177,0.15839871,0.028513065,20.799663,1.2957923e-14
40,0,17,-0.3468407,-2.0438768,-0.27231388,-0.87122635,0.19162646,0.15962934,0.031997118,18.750934,1.0976823e-14
40,0,18,-0.3289885,-1.9419333,-0.25368949,-0.83378055,0.19548323,0.16036894,0.035114296,16.90796,-3.5811245e-14
40,0,19,-0.31172818,-1.8405878,-0.23669945,-0.79563835,0.19856158,0.16067079,0.037890786,15.250192,-6.0760642e-14
40,0,20,-0.29510451,-1.7407968,-0.22119059,-0.75727981,0.20093461,0.16058321,0.040351402,13.759133,-5.8333374e-14
40,0,21,-0.27914793,-1.6432974,-0.20702412,-0.71909894,0.20266954,0.16014995,0.042519594,12.418139,-4.6481814e-14
40,0,22,-0.26387697,-1.5486465,-0.19407427,-0.68141588,0.2038281,0.15941062,0.044417475,11.212231,-5.7029277e-14
40,0,23,-0.24930032,-1.457254,-0.18222713,-0.64448758,0.20446697,0.15840112,0.046065858,10.127929,-5.7493769e-14
40,0,24,-0.23541867,-1.3694098,-0.17137953,-0.608517,0.20463818,0.15715389,0.047484289,9.153099,-4.5334371e-14
40,0,25,-0.22222615,-1.2853064,-0.16143804,-0.57366121,0.20438941,0.15569831,0.048691101,8.2768248,-7.292462e-14
40,0,26,-0.20971168,-1.2050576,-0.15231809,-0.54003833,0.20376437,0.15406092,0.049703454,7.4892807,-6.7021801e-14
40,0,27,-0.19786001,-1.1287138,-0.14394311,-0.50773363,0.20280312,0.15226573,0.050537393,6.7816249,-3.6342095e-14
40,0,28,-0.1866527,-1.0562756,-0.13624381,-0.47680476,0.2015423,0.1503344,0.051207896,6.1459005,2.0878984e-14
40,0,29,-0.17606885,-0.98770371,-0.12915747,-0.44728626,0.20001544,0.14828651,0.05172893,5.5749474,-2.1787849e-14
40,0,30,-0.16608578,-0.92292847,-0.12262733,-0.41919353,0.1982532,0.1461397,0.0521135,5.0623223,1.5931083e-14
40,0,31,-0.1566796,-0.86185704,-0.11660205,-0.39252617,0.19628359,0.14390988,0.052373704,4.6022272,-6.539821e-14
40,0,32,-0.14782563,-0.80437969,-0.11103515,-0.36727091,0.19413218,0.14161139,0.052520783,4.189445,1.2498959e-14
40,0,33,-0.13949881,-0.75037502,-0.10588462,-0.34340405,0.1918223,0.13925713,0.052565171,3.8192811,2.6357821e-14
40,0,34,-0.131674,-0.69971429,-0.10111242,-0.32089364,0.18937524,0.13685869,0.052516542,3.4875115,-8.461261e-15
40,0,35,-0.12432627,-0.65226528,-0.096684179,-0.29970129,0.18681035,0.1344265,0.052383859,3.1903358,3.5243651e-14
40,0,36,-0.11743108,-0.60789547,-0.092568783,-0.27978366,0.1841453,0.13196988,0.052175417,2.9243347,8.5611067e-14
40,0,37,-0.11096446,-0.56647496,-0.088738113,-0.26109385,0.18139611,0.12949722,0.051898888,2.6864317,6.9132411e-14
40,0,38,-0.10490317,-0.52787912,-0.085166741,-0.24358247,0.17857737,0.12701601,0.051561358,2.4738594,-3.3197582e-14
40,0,39,-0.099224795,-0.49199112,-0.081831682,-0.22719855,0.1757023,0.12453293,0.051169371,2.2841283,-5.3680343e-14
40,0,40,-0.093907839,-0.45870446,-0.078712163,-0.21189034,0.17278291,0.12205394,0.050728961,2.114999,-6.7354799e-14
